INSERT INTO `order_status` VALUES (1,'created'),(2,'cooking'),(3,'delivering'),(4,'done'),(5,'cancelled');
INSERT INTO `category` VALUES (1,'Італійська кухня'),(2,'Японська кухня'),(3,'Китайська кухня');
INSERT INTO `role` VALUES (2,'manager'),(1,'user');
INSERT INTO `user`(email, name, password, phone, address, role_id, is_banned) VALUES ('krachkow@gmail.com','Manager','adminadmin','+380',' Address',2,0),('example@example.com','Example','example1','+31231','example address ',1,0);
INSERT INTO `dish` VALUES (1,'Карбонара','спагетті, яйця, бекон або грудинка, сир Пармезан, оливкова олія, сіль, свіжомелений чорний перець',250,384,200,1,'https://www.e-pizza.com.ua/data_resized/7/b/9/a/1/7b9a161ea2e9c49770a8b008d77385df53ba4a38.jpeg'),(2,'Суші з лососем','рис, лосось',50,70,40,2,'https://static01.nyt.com/images/2008/01/22/us/23sushi02_600.jpg?quality=75&auto=webp&disable=upscale'),(3,'Удон з куркою та овочами','лапша, морква, курятина,червоний перець, лук, часник, соєвий соус, імбир',350,570,150,3,'https://omnivorescookbook.com/wp-content/uploads/2019/08/1405_Easy-Chicken-Udon-Soup_550.jpg'),(4,'Апельсинова Курка','лапельсин, куряча грудка, яйце, апельсиновий сік свіжовичавлений, кукурудзяний крохмаль, соєвий соус, мед, рисовий оцет, кунжутну олію, імбир мелений, оливкова олія',400,620,175,3,'https://tipbuzz.com/wp-content/uploads/Chinese-Orange-Chicken-thumbnail-500x500.jpg'),(5,'Азіатська локшина з тофу','свіжий імбир, халапеньйо, сок лайма, соєвий соус, тофу, азіатська локшина, квасоля, рослинної олії, зелена цибуля, авокадо, кунжут',250,300,120,2,'https://www.slimmingeats.com/blog/wp-content/uploads/2021/05/asian-chicken-noodles-14-720x540.jpg');
INSERT INTO `order`(id,user_id,delivery_address,status_id,total_price) VALUES (1,2,'address',2,880),(2,2,'address2',2,200),(3,2,'address3',3,200),(4,2,'address4',4,400),(5,1,'address5',1,40);
INSERT INTO `cart_content`(dish_id, order_id, quantity, cart_price) VALUES (1,1,4,800),(2,1,2,80),(1,2,1,200),(1,3,1,200),(1,4,2,400),(2,5,1,40);

